-- phpMyAdmin SQL Dump
-- version 5.0.3
-- https://www.phpmyadmin.net/
--
-- Hôte : 127.0.0.1
-- Généré le : Dim 01 nov. 2020 à 10:31
-- Version du serveur :  10.4.14-MariaDB
-- Version de PHP : 7.4.11

SET SQL_MODE = "NO_AUTO_VALUE_ON_ZERO";
START TRANSACTION;
SET time_zone = "+00:00";


/*!40101 SET @OLD_CHARACTER_SET_CLIENT=@@CHARACTER_SET_CLIENT */;
/*!40101 SET @OLD_CHARACTER_SET_RESULTS=@@CHARACTER_SET_RESULTS */;
/*!40101 SET @OLD_COLLATION_CONNECTION=@@COLLATION_CONNECTION */;
/*!40101 SET NAMES utf8mb4 */;

--
-- Base de données : `laminastutorial`
--

-- --------------------------------------------------------

--
-- Structure de la table `album`
--

CREATE TABLE `album` (
  `id` int(11) NOT NULL,
  `artist` varchar(100) NOT NULL,
  `title` varchar(100) NOT NULL
) ENGINE=InnoDB DEFAULT CHARSET=utf8mb4;

--
-- Déchargement des données de la table `album`
--

INSERT INTO `album` (`id`, `artist`, `title`) VALUES
(1, 'The Military Wives', 'In My Dreams Z'),
(2, 'Adele', '21'),
(3, 'Bruce Springsteen', 'Wrecking Ball (Deluxe)'),
(4, 'Lana Del Rey', 'Born To Die'),
(5, 'Gotye', 'Making Mirrors'),
(6, 'yes', 'yes'),
(7, 'aa', 'aa'),
(8, 'ss', 'ss'),
(9, 'yes', 'yes');

-- --------------------------------------------------------

--
-- Structure de la table `category`
--

CREATE TABLE `category` (
  `id` int(11) NOT NULL,
  `name` varchar(100) DEFAULT NULL,
  `slug` varchar(500) DEFAULT NULL
) ENGINE=InnoDB DEFAULT CHARSET=utf8mb4;

--
-- Déchargement des données de la table `category`
--

INSERT INTO `category` (`id`, `name`, `slug`) VALUES
(1, 'Aperiam quisquam ducimus animi.', 'unde-expedita-inventore-qui-iste'),
(2, 'Aliquam et quis hic.', 'harum-blanditiis-sit-nobis-harum-repudiandae-facilis-sit'),
(3, 'Voluptas consequuntur sunt.', 'et-et-exercitationem-cupiditate'),
(4, 'Repudiandae quibusdam qui.', 'ea-ut-eum-provident-voluptas-assumenda-amet'),
(5, 'Cupiditate dicta ut.', 'at-aliquid-dicta-in-aspernatur-est'),
(6, 'Eligendi officia voluptas.', 'molestiae-explicabo-quia-omnis'),
(7, 'Consequatur est ut cupiditate.', 'praesentium-fugit-in-deleniti-consequatur'),
(8, 'Maxime quia molestiae qui.', 'et-ut-quos-porro'),
(9, 'Doloribus enim culpa ipsa unde.', 'repellat-provident-reiciendis-eos-sint-dolores-dolores'),
(10, 'Non numquam tempore.', 'quos-quidem-corporis-dolor'),
(11, 'Aut pariatur possimus.', 'et-rerum-vero-ex-veritatis-labore'),
(12, 'Nisi iste quas.', 'eos-molestiae-illum-quia-rem-doloremque'),
(13, 'Ut labore asperiores voluptatem.', 'et-aspernatur-non-aut-et-dolor-temporibus'),
(14, 'Occaecati voluptatum.', 'voluptatem-repellat-sed-inventore-et-officiis-et-mollitia-fugit'),
(15, 'Aut itaque excepturi quisquam sint.', 'mollitia-sunt-impedit-commodi-adipisci-sint-sit-dolores'),
(16, 'Beatae ipsum suscipit vel.', 'molestias-quia-unde-autem-et-non'),
(17, 'Dolores suscipit quos.', 'corporis-pariatur-id-architecto-est-labore-enim-assumenda'),
(18, 'Sed autem dolor provident.', 'eaque-perspiciatis-consequatur-cupiditate'),
(19, 'Eius placeat suscipit delectus.', 'ex-molestias-delectus-in-quo'),
(20, 'Deserunt qui.', 'voluptatum-ut-laborum-numquam-ut'),
(21, 'Expedita distinctio et quia tenetur.', 'sint-recusandae-ut-ab-iure-corporis-magni-reiciendis'),
(22, 'Eius dolore molestiae.', 'tempora-sapiente-expedita-quia-aut-corporis'),
(23, 'Laudantium exercitationem amet.', 'ut-aut-quidem-quasi-expedita-non-vitae'),
(24, 'Fugiat dolores dolor dolores velit.', 'enim-eum-soluta-totam-ullam-et-quis-aspernatur-ea'),
(25, 'Quisquam quaerat sunt.', 'corrupti-ipsum-assumenda-sit-porro-numquam-aliquam'),
(26, 'Cum labore molestiae.', 'maxime-quia-libero-dolores-eaque-et'),
(27, 'Dolorem animi alias quis.', 'reprehenderit-nostrum-quis-eius-dicta-eaque-voluptates'),
(28, 'Esse aut.', 'ducimus-id-ducimus-dignissimos-magnam-fuga'),
(29, 'Aut et sint ut.', 'quisquam-voluptas-omnis-dolorem'),
(30, 'Voluptas ea.', 'molestias-velit-id-aliquid-est-id-laboriosam-commodi'),
(31, 'Laborum nobis et.', 'neque-voluptas-veritatis-culpa-tenetur-consequuntur-minima-earum-recusandae'),
(32, 'Explicabo aut modi aut.', 'placeat-corrupti-itaque-sed-omnis-et'),
(33, 'Omnis beatae consequuntur libero.', 'sit-quam-eveniet-saepe-hic-omnis'),
(34, 'Molestiae accusamus similique.', 'eum-ut-ut-et-eveniet-et-alias'),
(35, 'Voluptatem possimus molestias.', 'sapiente-et-sed-deserunt-reiciendis-et'),
(36, 'Hic aut accusamus natus dolores.', 'ea-aut-voluptatibus-error'),
(37, 'Cupiditate illum soluta rerum.', 'tempore-distinctio-ipsum-perspiciatis-sapiente-enim-in-qui'),
(38, 'Ex excepturi magnam.', 'quia-est-pariatur-omnis-perspiciatis-autem-repudiandae'),
(39, 'Iure aut dolores corporis.', 'et-et-eveniet-temporibus-dolorem-illum-deleniti'),
(40, 'Aliquid praesentium ab.', 'voluptatem-quae-quos-in-nemo'),
(41, 'Doloremque consequuntur ipsa molestiae.', 'asperiores-minus-delectus-doloremque-ut-quos-est-commodi'),
(42, 'Consequuntur amet dolorem dolor animi.', 'at-perferendis-aut-impedit-ipsum-molestias-quod-earum-sed'),
(43, 'Occaecati et id qui.', 'quae-nulla-cumque-maiores'),
(44, 'Voluptas id id consequatur.', 'autem-quia-sequi-dignissimos-alias-qui-omnis-at'),
(45, 'Odit et voluptates repudiandae.', 'esse-repellat-quia-quas-aut-occaecati-in-mollitia-officia'),
(46, 'Incidunt reiciendis omnis aut quod.', 'ducimus-ad-commodi-et-perspiciatis'),
(47, 'Fugit sit consequatur iste.', 'et-ut-id-ut-qui-nam-voluptas'),
(48, 'Et voluptas sed ipsam.', 'tempora-blanditiis-cupiditate-ad-ipsa-quia'),
(49, 'Deserunt cupiditate quis.', 'tenetur-deserunt-reiciendis-et-repudiandae'),
(50, 'Iste autem fuga ipsa.', 'nam-perferendis-nobis-quia-quam-et-beatae-tenetur');

-- --------------------------------------------------------

--
-- Structure de la table `clients`
--

CREATE TABLE `clients` (
  `id` int(11) NOT NULL,
  `firstname` varchar(100) NOT NULL,
  `lastname` varchar(100) NOT NULL,
  `country` varchar(100) NOT NULL,
  `address` varchar(150) NOT NULL
) ENGINE=InnoDB DEFAULT CHARSET=utf8mb4;

--
-- Déchargement des données de la table `clients`
--

INSERT INTO `clients` (`id`, `firstname`, `lastname`, `country`, `address`) VALUES
(1, 'sa', 'df', 'hh', 'ww'),
(2, 'sa', 'df', '', 'ww'),
(3, 'sa', 'df', '', 'ww'),
(4, 'aa', 'aa', '', 'aa'),
(5, 'aa', 'aa', '', 'aa');

-- --------------------------------------------------------

--
-- Structure de la table `meteo`
--

CREATE TABLE `meteo` (
  `id` int(11) NOT NULL,
  `name` varchar(100) NOT NULL,
  `slug` varchar(100) NOT NULL
) ENGINE=InnoDB DEFAULT CHARSET=utf8mb4;

--
-- Déchargement des données de la table `meteo`
--

INSERT INTO `meteo` (`id`, `name`, `slug`) VALUES
(0, 'kljkljjhkl', 'ljkluhu'),
(0, 'kljkljjhkl', 'ljkluhu');

-- --------------------------------------------------------

--
-- Structure de la table `post`
--

CREATE TABLE `post` (
  `id` int(11) NOT NULL,
  `name` varchar(100) DEFAULT NULL,
  `slug` varchar(500) DEFAULT NULL,
  `created_at` varchar(100) DEFAULT NULL,
  `content` varchar(500) DEFAULT NULL
) ENGINE=InnoDB DEFAULT CHARSET=utf8mb4;

--
-- Déchargement des données de la table `post`
--

INSERT INTO `post` (`id`, `name`, `slug`, `created_at`, `content`) VALUES
(1, 'Eos dolorum et tenetur nemo qui cumque.', 'exercitationem-et-minima-sint-vitae-animi-nihil-quos-modi', '2001-01-28T03:02:43+0000', 'Pariatur exercitationem quasi ducimus est. Ut labore qui quam hic. Accusantium voluptatem quibusdam eum rerum consequatur consequatur. Ut architecto reprehenderit sint quis unde et modi.\n\nSimilique non architecto sunt molestiae hic. Fugiat eius saepe molestias ab deleniti. Recusandae laboriosam adipisci officia occaecati optio eum possimus.\n\nMolestiae cumque maxime nam in possimus quis velit. Neque recusandae minus qui odio. Nesciunt non quo excepturi ea laborum eligendi voluptate.\n\nEst nostrum '),
(2, 'Debitis maiores quae qui vero quia.', 'dolorum-labore-minima-consectetur', '1981-07-31T04:02:28+0000', 'Dolores ab ipsa repudiandae voluptatibus. Dolores dolorem non non atque dolorem. Et mollitia officia nihil qui.\n\nAutem sed dolore cum nemo odit. Labore sunt laudantium laboriosam cupiditate. Quod minus et molestiae incidunt voluptatibus qui. Autem quia quasi ea qui tempora quo est occaecati. Sed odit perferendis ut unde et qui.\n\nEx blanditiis autem sapiente et reprehenderit et. Vitae rem possimus placeat necessitatibus eum. Velit aut dicta nisi provident quia. Est voluptates velit temporibus.\n\nE'),
(3, 'Eius provident corporis voluptas recusandae error amet nesciunt.', 'magni-delectus-sint-voluptatibus-ut-aliquid-praesentium', '2006-09-21T15:52:40+0000', 'Omnis quia et voluptatem ut reiciendis. Ut in ut et voluptatem harum ut rerum. Magni adipisci est quo id veritatis voluptatum aut.\n\nUt saepe sed qui corrupti. Suscipit neque ut veniam quam sed. Non et illo pariatur excepturi soluta.\n\nEt esse aspernatur soluta dicta laudantium. Ratione sed id omnis voluptates dignissimos. Nesciunt voluptas dolore aut quibusdam dolorem enim. Dicta qui et consequuntur quidem corrupti odit eos.\n\nSint sit exercitationem deserunt nemo. Ut expedita quo autem aperiam et'),
(4, 'Inventore placeat explicabo dolores reprehenderit aut repudiandae.', 'enim-accusantium-corrupti-ut-ipsum-cumque-a-repudiandae-est', '1991-06-18T01:28:50+0000', 'Nesciunt non aperiam quasi debitis. Aut sint est earum quia quaerat quibusdam. Ipsum dolor eum magnam quis. Doloremque ducimus voluptatem deleniti possimus accusantium.\n\nCorrupti ducimus dolor quidem natus ducimus recusandae perspiciatis. Nostrum quae corporis quaerat est in porro. Aut porro error exercitationem et nisi atque.\n\nVelit aut nulla eaque porro. Doloribus quod veniam rem aut eos consectetur. Atque saepe repellat unde incidunt ut.\n\nVoluptatibus est molestiae unde iste. Corporis rerum l'),
(5, 'Architecto vero distinctio sint unde consequatur placeat.', 'magnam-ut-sed-voluptate-quisquam', '1981-04-16T09:36:10+0000', 'Sint deleniti cumque nesciunt fuga. Consequatur eaque architecto ipsam dicta occaecati ea omnis. Vel et voluptatem cupiditate ipsam ut aliquam fugiat suscipit. Pariatur aliquam dicta quo laboriosam sunt exercitationem voluptatibus.\n\nHarum autem voluptatem velit voluptatum ex. Neque cupiditate sapiente voluptate suscipit ut. Odio explicabo et quam facilis exercitationem vitae exercitationem. Excepturi perspiciatis vel mollitia nihil numquam.'),
(6, 'Placeat sint voluptatem et eum eveniet sequi.', 'nihil-saepe-tenetur-qui-delectus-aliquid-accusamus', '1994-06-30T10:28:27+0000', 'Laudantium quasi aliquid non autem debitis. Incidunt eum autem nemo totam saepe natus velit. Beatae itaque nisi eos eos consequatur. Sunt minus consectetur omnis ad hic error. Qui dolorum illo perferendis dolore cumque.\n\nQuia facere et aut. Quis animi et dolores autem aliquam unde. Nulla molestiae natus officiis quidem voluptatem neque.\n\nMaiores doloremque amet in reiciendis. Hic neque beatae in nihil suscipit dolorem iure. Non impedit et sed beatae dolorum a dolorem.\n\nEt velit voluptas et volup'),
(7, 'Nostrum vel rerum quasi nihil.', 'quia-aspernatur-expedita-et-vel', '1983-03-28T23:40:39+0000', 'Odio odio id id officiis debitis eum. Aspernatur nobis quibusdam voluptate dolore qui.\n\nEt itaque aut et consequatur. Rem tempora consequuntur sit aut. Voluptas tempore dolores doloremque nulla. Reprehenderit enim et id eum et unde culpa tenetur.\n\nImpedit ea id qui quis quaerat error aliquam. Corporis aut eos at et. Doloribus saepe architecto nostrum laborum ullam voluptatum voluptatem enim. Deserunt molestiae illo deserunt repellat nesciunt. Omnis rem dicta magni soluta.\n\nNulla fugiat nemo est '),
(8, 'Enim quia magni dolor deserunt optio.', 'et-voluptatem-sit-consectetur-quia-quidem-cum', '2015-07-18T09:32:46+0000', 'Ipsa reiciendis reprehenderit voluptatem temporibus quo. Quo laboriosam libero provident consequatur at non.\n\nDebitis commodi quod reprehenderit ipsum nam. Ipsa odio tempora laboriosam cum numquam error vitae. Eligendi modi minima unde.\n\nQuis voluptatibus eos sequi tempora sunt maiores ut. Ratione sunt enim et molestiae ut. Qui est ab voluptatem quo.\n\nDoloremque rem ullam recusandae nam in. Temporibus doloremque aperiam cumque esse dolorem. Quia ad dolorem nesciunt id sint sed vitae.\n\nNesciunt i'),
(9, 'Placeat deserunt sequi provident dolore dolore incidunt.', 'eveniet-amet-sed-adipisci-tempore-id-totam-officia', '2003-06-14T00:48:47+0000', 'Harum officiis assumenda in. Asperiores consequatur maxime recusandae. Vitae eos aut laborum deleniti ducimus ducimus cupiditate.\n\nNihil ex repellat error. Molestias dolorem veniam error qui esse. Maxime voluptates architecto omnis magni et.\n\nNemo et odit non nobis quisquam possimus. Minus harum iusto ad beatae necessitatibus. Deserunt laudantium doloribus explicabo illo quibusdam ipsa.\n\nRerum corporis qui maiores rerum voluptatem fugiat veniam. Iusto distinctio quibusdam laborum voluptatem ad p'),
(10, 'Facere est qui accusantium voluptatibus sit.', 'rem-ut-placeat-ab-nam-dolor-quas', '2018-04-20T09:29:29+0000', 'Itaque inventore voluptatem quia non. Quis ex voluptas et. Ipsum ut cumque omnis.\n\nMinima qui et aliquid nostrum ipsam ipsum. Occaecati non dolor enim enim. Dolores voluptatum quis rerum possimus dolorem. Consequatur vero officia cupiditate ad quia voluptas at explicabo. Enim corporis debitis illum quaerat itaque at.\n\nUt asperiores sed qui ut nam voluptas. Doloribus tenetur cumque aut voluptatibus.\n\nEa non temporibus sed officiis. Voluptatem porro perferendis expedita. Assumenda sapiente ratione'),
(11, 'Consequatur sed debitis voluptatem sunt.', 'totam-possimus-sint-et-saepe-et-ex-eum', '2012-10-19T13:07:57+0000', 'Necessitatibus et ipsam neque dolor consequatur ullam sapiente rerum. A ullam ea qui aut. Quos quo eius asperiores illo laboriosam sit aut nesciunt.\n\nVoluptatum libero ea sed in quo recusandae ut. Ad quia ratione sed et nam commodi sed. Sit dolorem cum maxime est quisquam illo. Omnis molestias fuga cumque inventore.\n\nFuga enim voluptatibus ut tempore. Saepe maxime facere magnam soluta. Nisi sint eos magnam eaque consectetur laboriosam neque.\n\nA voluptatem fugiat illum sit veniam facere. Aperiam '),
(12, 'Est nisi enim unde blanditiis.', 'aliquam-et-ipsum-quia-laboriosam-eligendi-aut-veniam', '1980-03-31T14:30:05+0000', 'Accusantium quod officia id iste. Necessitatibus voluptas itaque dolorem optio sed est. Id rem voluptas magnam quidem qui molestiae et. Nesciunt consectetur laboriosam et porro.\n\nAsperiores tempora inventore voluptas voluptatem totam exercitationem ipsam id. Aut aliquid id aliquid optio qui sit sed. Et illo minima impedit natus dolore.\n\nVoluptatibus corrupti delectus hic recusandae dolores. Voluptatem qui neque atque eos voluptatum mollitia. Nemo soluta debitis inventore consectetur soluta conse'),
(13, 'Unde ducimus nesciunt accusamus est.', 'est-nostrum-sapiente-iusto-rerum', '1981-02-18T04:58:38+0000', 'Quos quo voluptatem sed alias eum. Veniam quo perferendis amet cum. Maxime voluptas iure aut est. Facilis incidunt fugit aliquid rem.\n\nSit quia molestiae porro. Ratione quia voluptas minus autem autem. Aspernatur laboriosam enim debitis accusantium. Placeat ab id quia sint voluptatem.\n\nMollitia ut omnis voluptate quaerat et. Est illo voluptatibus magnam magnam a. Quia molestiae aliquid similique omnis ut ducimus. Autem voluptas aspernatur amet recusandae amet.\n\nVoluptate facilis cupiditate eos v'),
(14, 'Beatae aut et eligendi eum et.', 'aut-maiores-ad-cupiditate-ut', '1994-08-03T12:08:18+0000', 'Praesentium et sint aut iure fuga itaque. Et perferendis molestiae corrupti sint est expedita a facere. Quibusdam sequi quasi ut sint sit et. Ad et corrupti neque et voluptatum impedit qui.\n\nQui odit dolor ratione hic expedita. Iusto omnis dolores aspernatur et.\n\nCorporis inventore odio aut aliquam harum sunt. Nostrum suscipit dolores et ut. Quia accusantium et nobis quis nam quae. Accusantium a aut officia ratione dignissimos rerum vero aliquid.\n\nIste non quia voluptates aut vitae veritatis et.'),
(15, 'Aut est odio impedit dignissimos blanditiis minus.', 'commodi-et-amet-tempore-similique-facilis', '1974-10-07T12:12:36+0000', 'Ea quia incidunt vitae ipsa et dolorem sit dolorem. Nobis tempora vel et placeat ullam. Non sunt aliquam quam debitis est modi rerum assumenda.\n\nQuod ullam deserunt ducimus consectetur. Ratione quod ipsam aut asperiores cum recusandae eveniet. Molestias dolor magnam repellat aut consequuntur.\n\nAut ex a labore vel est quo. Nulla suscipit adipisci dolor dolor maiores aperiam. Aperiam consequatur debitis aut quia.\n\nDucimus dolores necessitatibus adipisci ut nemo. Quis voluptas ut dolorem rerum et. '),
(16, 'Fugit unde fugiat autem cum ab.', 'minima-sint-ipsa-eum', '1973-02-20T19:02:22+0000', 'Mollitia ducimus voluptate deleniti ad voluptatem sed omnis. Fuga dolorem nostrum voluptas nam quod pariatur ut. Ipsa qui amet delectus nemo nisi nam. Perferendis mollitia impedit et vel saepe.\n\nOdit fugit in ad accusantium assumenda animi doloremque velit. Sapiente magni totam laudantium qui. Nihil vero totam porro tempora officia suscipit sequi eum. Blanditiis quaerat optio saepe.\n\nDistinctio tempore velit in quia accusamus non maiores. Non optio expedita natus neque. Laudantium eos vero quia '),
(17, 'Sed id et explicabo.', 'illo-officia-ad-temporibus-inventore', '2012-08-24T21:42:29+0000', 'Aut hic magni repellat consequatur iste. Ratione debitis quisquam explicabo nostrum distinctio ea voluptatibus. Aliquam et qui laborum est quisquam.\n\nDicta ut omnis rerum. Et quibusdam omnis mollitia sit illo ut.\n\nIllum inventore sapiente ullam. Sed est qui et. Rerum sit dignissimos aliquid ut.'),
(18, 'Fugit incidunt rerum quam molestiae temporibus neque.', 'minus-ut-dolorum-incidunt-odit', '2009-02-05T06:58:35+0000', 'Voluptate tempora doloribus non neque debitis laboriosam quibusdam quod. Aut et consequuntur magnam ipsa voluptatem. Molestiae illo doloribus velit nesciunt aperiam tempore. Sint labore fugit temporibus iure natus quis rerum.\n\nAsperiores ab maiores ex aliquam expedita natus est. Eum officiis minus velit perferendis. Necessitatibus repellendus error ut facilis. Quasi et magni sunt est non reiciendis.\n\nRerum ea in debitis molestias sunt officia id. Inventore non labore molestiae. Accusantium dolor'),
(19, 'Magni distinctio cumque iure nisi quaerat quia quis ducimus.', 'ut-ut-quo-facere-velit-voluptas-sit', '1983-07-12T11:13:17+0000', 'Eveniet reprehenderit alias voluptatem tempora occaecati minus eveniet. Blanditiis fugiat cupiditate quod pariatur. Qui rem repellat deleniti placeat ut nobis ut sequi. Magni aspernatur ea quia voluptatibus illum.\n\nNecessitatibus odio molestiae modi velit. Et voluptas numquam quisquam similique nam possimus. Et dolore consequatur aliquid dolorem tempore. Nihil minima consequatur repellat illum non excepturi rerum. Sed accusantium quia totam eum cum adipisci qui.\n\nCupiditate eum sed quis totam. O'),
(20, 'Atque eveniet nobis harum explicabo amet consequatur eveniet.', 'rem-id-voluptates-dolor-atque-aliquam', '1980-02-12T01:46:07+0000', 'Dicta enim facere praesentium aut placeat accusamus. Quisquam culpa voluptates vel amet natus est. Sunt et asperiores iure porro et.\n\nIusto illum non amet minus. Est debitis voluptas qui molestiae quas doloribus nemo. Officiis voluptates sint quis porro facere. Et vel et esse quidem. Perferendis voluptate saepe id.\n\nVoluptatem sit non at consectetur pariatur corrupti. Repellat est sunt alias sapiente. Cumque sit quibusdam earum fugit et earum. Est dicta cumque quas accusantium. Et quia architect'),
(21, 'Delectus ut amet delectus quia nostrum at.', 'dicta-quia-eligendi-ratione-rem-quia-exercitationem-nihil', '2012-02-17T12:25:44+0000', 'Iure ut facere cum officia fugit modi illum. Cumque laboriosam nemo id est sint. Numquam dolorem est molestias consequatur sit vitae. Dolorem molestias aut cumque voluptatem dolore eligendi suscipit.\n\nNulla quis molestiae non. Consequatur et tenetur pariatur sed rem aut eligendi. Eum suscipit iusto molestiae necessitatibus vel dolor.\n\nNihil eos perspiciatis ut reprehenderit autem officia. Est cumque praesentium quod placeat. Soluta aut rerum et ut. Unde vel possimus aut nesciunt consectetur dele'),
(22, 'Sit ad ipsam et eum.', 'voluptatem-esse-optio-reiciendis-cum-adipisci-cumque-officiis-repellendus', '1980-05-16T07:18:36+0000', 'Neque autem et quidem aspernatur modi incidunt corrupti. Qui ipsam illo pariatur voluptates ipsa quia. Repellat autem et voluptatibus voluptas ipsa.\n\nVoluptatem beatae et qui officiis quaerat quia voluptatem. Aliquam culpa occaecati commodi non id praesentium. Nemo ullam quas et qui expedita dolore nemo voluptatem. Nihil qui aut error repudiandae.\n\nSint laudantium sint excepturi aliquid voluptas nesciunt fuga. Voluptas voluptatem sunt qui quia nulla ut. Cupiditate provident expedita voluptas sun'),
(23, 'Non aut nam facere consequatur ea eveniet qui.', 'magni-saepe-at-adipisci-ipsum-laborum', '1976-08-25T15:59:07+0000', 'Vitae vel commodi quibusdam illo. Dolores perferendis accusantium ut similique. Consequatur tempore non est est odit eos et. Cumque ipsa enim ab non id mollitia nihil sit.\n\nLibero incidunt doloribus fuga et deleniti culpa provident. Aut odit numquam ipsa fuga ipsum nostrum. Magni dicta et eos.\n\nEx vel et veritatis sint aliquid dolor eius. Voluptas repudiandae minima consequatur magnam nemo labore est et. Officiis consectetur illo ea error. Ea libero harum laudantium nihil eos ut commodi facere.\n'),
(24, 'Et qui sed nisi vel ullam et.', 'consequuntur-quia-id-voluptas-asperiores-ea-iure-atque', '1985-10-22T15:34:09+0000', 'Nam quibusdam ad iste voluptatibus totam ut. Consequuntur ut in sunt assumenda odio. At quis suscipit consequatur.\n\nConsectetur et molestias tempora omnis aut iure officiis officia. Reiciendis nam labore eum harum qui. Voluptas ullam molestias quas blanditiis qui magnam sit. Tenetur tenetur iste repellat tempore eaque. Amet magnam maiores rerum mollitia tenetur.\n\nMolestiae consectetur incidunt vel commodi porro aut. Dolor maxime velit fuga accusamus quaerat ea. Quidem cum ex ut ut et omnis.\n\nSeq'),
(25, 'Earum alias et laboriosam nostrum modi.', 'culpa-et-sit-officia-eum', '2008-03-14T11:39:08+0000', 'Ut ratione est illum sit vel distinctio molestias itaque. Consectetur sunt corporis vitae vel. Enim est et quas nemo enim explicabo. Magni dicta ipsam delectus at.\n\nAut repellendus molestiae at dolore officiis debitis rerum. Necessitatibus dolores libero dolores. Id consequatur quasi est perspiciatis soluta non consequatur. Sunt iusto ipsa aut voluptatibus optio sint. Sunt alias ipsum doloribus veniam sit animi.\n\nSint et distinctio qui. Vero praesentium accusamus minus amet totam perspiciatis. C'),
(26, 'Sit harum autem architecto aut ut.', 'vel-enim-molestiae-dolorem-numquam-consequuntur', '2000-05-19T01:18:36+0000', 'Nesciunt voluptate voluptatem ut. Quasi aliquid eum tempore totam ut eius ut. Ex ad ut architecto ratione et eaque dolor eos. Impedit laborum cupiditate modi molestiae temporibus maiores nulla.\n\nAutem corporis ut iusto nihil. Officia similique fuga sapiente modi qui eaque aperiam. Quia ut rem error voluptatem eum.\n\nUt omnis velit soluta. Optio dolores voluptatem consequatur eius repellendus laborum perferendis. Et nihil illo ut consequatur consequatur cumque.\n\nRerum voluptas earum hic accusantiu'),
(27, 'Culpa iure aut perferendis iure.', 'provident-dicta-repellendus-occaecati-sint-maiores', '2001-06-26T04:23:46+0000', 'Est occaecati sit fugit natus ab praesentium. Enim eum dolor odio omnis et ea rerum veritatis. Nesciunt officiis et sed animi ullam dolorum a. Exercitationem quaerat et voluptas cumque eius. Repellendus beatae eos sed magni est.\n\nRerum earum animi at autem. Delectus ad et ex.\n\nLaudantium consequatur ratione fugit qui. Illum sequi repellendus eveniet. Ducimus corporis consequatur libero autem labore. Non repudiandae sint voluptas cupiditate esse ut eum.\n\nRem nobis iste odit. Debitis non ratione v'),
(28, 'Et consequuntur alias ab commodi.', 'laborum-voluptatem-excepturi-expedita-similique-est-cumque-doloribus', '1992-01-17T03:05:45+0000', 'Esse vel nulla optio labore illo itaque enim necessitatibus. Ducimus voluptas veritatis et quaerat est ex. Vel aut debitis voluptatem ea id. Blanditiis voluptatibus quod iste quam.\n\nOmnis cumque eos nulla neque rem omnis ex. Reiciendis magnam quis laborum a vel. Vel quis qui omnis placeat.\n\nFugiat tempora quos magni qui temporibus iusto placeat officiis. Amet distinctio ad autem totam. Repellat qui nihil modi. Consequuntur aut voluptates a vel.\n\nDicta consequatur debitis dolorum hic rerum molest'),
(29, 'Sunt aut animi voluptate quae saepe dolor.', 'molestiae-rerum-cum-rerum-veniam-optio-nihil-eius-aut', '1992-03-01T02:55:23+0000', 'Voluptatem nostrum est accusantium consequuntur voluptatum corporis non. Dolorem facere animi aut officiis. Quaerat et magni optio est sed quae fugit ut. Vel et molestiae inventore mollitia ad eligendi aperiam.\n\nDebitis assumenda optio a porro aliquid dolores neque. Dolores velit aliquid rerum ab vero nisi. Saepe beatae distinctio debitis nulla veritatis excepturi. Natus deserunt et rerum dolor et.\n\nRepellendus enim voluptatem voluptatem rem quae rem. Placeat recusandae et accusantium et velit q'),
(30, 'Possimus quas consequuntur et dolores.', 'iste-incidunt-voluptate-iste-eum-autem', '1977-08-24T23:21:09+0000', 'Aut dolore quod sit dolores rerum totam assumenda. Consequatur ut et consequatur enim a impedit non. Autem eligendi deleniti non dolor eum.\n\nAliquam dolor ut a mollitia praesentium. Maxime fugit cum sint. Voluptas aut qui omnis consequatur illo atque.\n\nPossimus ex molestias doloribus suscipit. Distinctio minima labore voluptatem id minus vero id. Non rerum adipisci ex similique. Numquam maxime qui nulla molestiae aut.\n\nInventore quo aut dolor deserunt. Voluptatem accusantium voluptas deserunt au'),
(31, 'Maiores aut sunt deserunt.', 'quos-aut-sit-enim-accusantium-non-sed-reiciendis', '2017-02-02T00:26:44+0000', 'Dignissimos facere repellat accusantium earum molestiae. Iste soluta quia itaque. Porro quo praesentium blanditiis esse ut qui. Molestias fugiat temporibus rem sit.\n\nQuos occaecati deleniti amet accusantium ex occaecati exercitationem. Ad nam odit ex eveniet. In ut quidem quam fugit. Porro maxime similique rem exercitationem distinctio temporibus.\n\nEt culpa rerum enim alias sint. Voluptas molestiae facere repellat enim illum assumenda assumenda. Facere provident labore provident consequatur quis'),
(32, 'Esse accusamus sint quasi velit voluptatum voluptatibus et.', 'odit-omnis-quisquam-provident-recusandae', '1993-07-07T10:39:18+0000', 'Enim earum eaque et rerum vero iusto vel. Id deleniti reprehenderit sint voluptatum facilis est et fuga. Repellendus culpa praesentium qui eaque ipsam est.\n\nDoloremque nemo in laudantium optio dicta facere. Optio et et sequi dolorum asperiores cumque. Facere deleniti culpa consequuntur ut qui. In optio nemo quaerat fuga distinctio.\n\nUt aspernatur enim qui minus. Consequatur consectetur et qui ad maxime in itaque. Quos suscipit ea architecto aut voluptatibus alias. Ut voluptatem velit dolorum aut'),
(33, 'Unde officiis repellat aut voluptates sapiente aut.', 'autem-ipsum-quos-qui-voluptatem-sunt-harum-non', '2007-11-20T17:44:28+0000', 'Impedit perferendis rerum vel voluptatum ut molestias dolorem reprehenderit. Consectetur pariatur voluptatem at aliquam recusandae accusamus. Quis commodi vero consequuntur eligendi qui consequuntur. Sit reprehenderit eum id at in.\n\nEa ullam nihil nobis at sequi explicabo. Recusandae placeat eos ut repudiandae tempore. Odit qui aut a est velit quis. Qui corrupti quod doloribus sapiente ea. Qui velit nihil beatae itaque adipisci suscipit quisquam.\n\nRepudiandae libero inventore quas quia sunt saep'),
(34, 'Quia culpa recusandae sit.', 'sit-quam-iusto-magnam-sunt', '2009-08-24T16:49:27+0000', 'Dolores quis doloribus asperiores mollitia qui. Et eveniet cupiditate veritatis ea magnam.\n\nMollitia qui dolorem vel officia magnam commodi. In rerum libero non non libero consequatur velit. Unde harum id quibusdam dolore autem odio non. Est neque rerum distinctio cupiditate reiciendis asperiores id.\n\nQui saepe sed non distinctio eveniet. Dolore architecto doloribus et. Rem consectetur dignissimos ut eum consequatur odit molestias dolorem. Saepe voluptatem consectetur eius officiis.\n\nEnim quae s'),
(35, 'Eius molestias eaque debitis rerum omnis beatae inventore.', 'esse-dicta-ratione-rerum-laudantium-sapiente-reprehenderit', '1987-05-11T09:53:24+0000', 'Laudantium ut eum dolorem debitis. Rem omnis sunt amet et qui. Est cumque quo sed voluptas aut maiores. Quaerat omnis eos ut necessitatibus.\n\nAccusantium et eius aliquid. Sed illum aperiam suscipit accusantium quis eligendi fugiat. Officia asperiores eligendi deleniti. Iure necessitatibus aliquid dolores iste quia qui suscipit maxime.\n\nIste fuga dolor vel. Doloribus a voluptatum non nobis. Error voluptatem architecto officiis sunt sit. Facilis sequi dolore sapiente nam enim commodi velit.'),
(36, 'Id voluptas ea mollitia qui blanditiis animi.', 'dolor-voluptas-et-voluptate-porro-voluptas', '1993-03-03T17:44:31+0000', 'Earum et quasi omnis et culpa. Qui est qui perferendis voluptas aut animi beatae. Qui porro est voluptas aspernatur temporibus.\n\nUt rerum non perspiciatis et autem. Libero odit sit magni mollitia porro. Dolor consequatur delectus quae excepturi rem repudiandae.'),
(37, 'Voluptatem voluptate error et cupiditate est libero.', 'aut-nostrum-aliquid-enim-est', '2004-10-04T01:05:14+0000', 'Debitis harum corporis placeat voluptate totam aperiam iure. Fuga cum id tempore quis. Vitae amet voluptate mollitia qui consequatur ullam officia.\n\nQuaerat et quibusdam facilis repellat debitis nisi. Non molestiae earum hic dolorem.\n\nOfficiis ut nostrum reprehenderit explicabo quae similique. Iusto minima vel cumque a neque exercitationem. Non eos neque consectetur voluptatem. Maiores nisi in corrupti.\n\nIn nam tempore illo provident dicta. Totam et hic magnam magni in sed.\n\nLibero et laborum to'),
(38, 'Autem et error unde minima nobis autem.', 'labore-amet-qui-explicabo-nesciunt-vel-ut-corrupti', '1986-12-06T22:44:01+0000', 'Natus molestiae suscipit dicta excepturi praesentium. Aliquid repellendus est eveniet est quisquam. Ipsam molestiae fugiat exercitationem dolores. Amet tenetur voluptatem aliquid quia vel.\n\nRerum et voluptatum molestiae iste odio voluptatibus. Dolores labore quod aliquam numquam quam quasi quod. Autem necessitatibus quis in in est voluptas nemo. Amet unde similique distinctio dicta.\n\nVoluptas necessitatibus nulla dolorem molestiae ut. Magni repellat porro voluptas repellendus unde ipsa odit. Ven'),
(39, 'Blanditiis molestiae mollitia aut aspernatur ratione quam voluptatem.', 'incidunt-sunt-expedita-iure-labore-et-maxime', '1981-12-11T20:11:58+0000', 'Accusamus laboriosam error ut voluptate vitae fuga voluptas nesciunt. Sequi officiis et nam est voluptas repellendus. Accusantium sequi dignissimos est temporibus asperiores sequi.\n\nQuis quibusdam qui mollitia aut nihil praesentium esse. Voluptates optio impedit similique quisquam reiciendis id earum. Inventore dolores maiores nostrum deleniti et veniam.\n\nQuaerat id harum quod voluptas incidunt doloribus aut facilis. Fugiat voluptas qui quidem voluptas enim enim. Asperiores tempore odio reiciend'),
(40, 'Eum omnis dolorum quo.', 'ipsum-et-ut-vitae-consequatur-esse', '1984-08-15T03:10:00+0000', 'Totam aliquid deserunt officiis voluptas repudiandae quasi. Commodi dolore aliquam voluptatem doloremque. Aut temporibus quam id laudantium. Delectus ut ducimus rerum alias.\n\nReprehenderit doloribus aspernatur quia sunt sed molestias quisquam. Voluptatem est dolorem est autem. Totam sed dolor et neque consequuntur ut quam.\n\nQuam corporis harum ratione quia cum. Fugiat voluptatibus dolore ut labore. Cupiditate totam expedita harum nihil neque. Quas error ea minima voluptas.\n\nId pariatur sed odio '),
(41, 'Consequatur voluptate blanditiis adipisci adipisci ex sit.', 'optio-temporibus-magnam-omnis-aut-molestiae-laborum-expedita', '1994-08-20T02:43:02+0000', 'Excepturi sunt sit est aspernatur. Ea quae ipsum id iste praesentium et. Molestiae quo assumenda at accusantium debitis velit. Odit autem natus dolor. Et voluptatem nihil sit magnam quasi.\n\nEx minus sunt voluptas quaerat similique est et ut. Laborum culpa tenetur est culpa excepturi earum. Aut omnis quas porro amet dicta maxime veritatis. Voluptas atque inventore unde eos voluptates.\n\nOmnis magni quia vel ut qui sed ut velit. Similique omnis ipsam et incidunt. Corporis nesciunt tempore delectus '),
(42, 'Quam distinctio eum nisi soluta quia.', 'natus-veritatis-consectetur-quae-vel-laudantium-tempore-est', '1988-02-07T22:18:29+0000', 'Voluptatibus ut neque fugit et dolor. Nemo ea officiis placeat esse ipsam. Nostrum ad voluptatem molestiae fuga quo pariatur totam. Mollitia voluptatum eius assumenda sit.\n\nIncidunt inventore consequatur voluptatem aliquid ullam. Sed ut quis reiciendis dolor tenetur voluptates et delectus. Veniam sint consequatur occaecati sequi.\n\nQuam praesentium maxime et laborum debitis. Odit cumque corporis laborum qui saepe. Autem quaerat soluta quis qui. Enim quo dolor facere cum consequatur et accusamus. '),
(43, 'Quidem impedit accusantium incidunt quia deleniti corporis.', 'voluptatum-numquam-vel-rem-molestiae-nam-eos-earum', '1986-11-29T02:54:39+0000', 'Odit nemo magnam et. Dolores at in voluptatibus dolores vero. Accusamus ut omnis dolor. Consequatur expedita neque nesciunt est.\n\nExplicabo eos est vel. Sed corrupti illum ducimus tempore veritatis qui. Cupiditate illum temporibus aliquid maiores aut corporis nemo. Aliquid illo unde aliquid molestiae distinctio ut error.\n\nLabore sint sapiente sint repellendus consequatur consequuntur esse. Dolorem dolores iure sit reprehenderit culpa error. Eveniet voluptas placeat neque assumenda qui eos. Conse'),
(44, 'Aut ex qui sit neque provident excepturi.', 'corporis-repudiandae-autem-maiores-rerum-et-soluta-laudantium', '1990-10-12T17:34:34+0000', 'Ea nostrum beatae culpa numquam. Necessitatibus non aut iste earum. Maiores neque et ut esse eaque est maxime soluta. Et nam nihil modi.\n\nLabore excepturi autem accusantium nisi eum. Deserunt iure doloremque quod aperiam natus velit. Minima voluptatem est accusantium voluptates eum. Optio dolores est repellendus et asperiores.\n\nVel distinctio dolore in ad. Quam exercitationem dolorum iure quia placeat qui aut. Voluptatem cumque ipsa enim ipsum eum consequuntur. Eveniet sapiente ex quia maiores o'),
(45, 'Corporis nulla vel laborum doloremque distinctio.', 'quisquam-et-sunt-ut-incidunt-ipsum-odit-odit-non', '1984-11-12T05:31:58+0000', 'Sit quis repudiandae quis eaque. Vitae labore magni pariatur ad. Voluptatem et odit quia eum dolor eum.\n\nQuas porro suscipit vero alias iure sint. Consequatur ex sint repellat qui veniam sed adipisci. Rerum ut explicabo rem tempore.\n\nCorrupti alias harum consectetur saepe nostrum. Iste qui perspiciatis temporibus perspiciatis sequi beatae enim. Voluptas ducimus corporis nam eos sint unde. Culpa voluptatem eos voluptas nobis. Qui numquam nam modi dignissimos et.\n\nSunt facere sit ad ipsa totam. Ev'),
(46, 'Asperiores praesentium consequatur sint accusantium quae.', 'cupiditate-quo-est-quidem-sit-mollitia-qui-labore', '1978-01-15T15:05:31+0000', 'Molestiae praesentium officiis omnis deserunt ipsum quo ducimus. Assumenda impedit repellat cumque consectetur doloremque. Veritatis minima quasi rerum qui aut molestiae fugit. Deserunt sed dolorem nesciunt sint molestias rerum.\n\nVero quae soluta incidunt aut sunt. Numquam quia id ut totam hic ipsam ut. Dicta dolor nam facilis accusantium repellendus ut quis.\n\nAut dolorem sed tempora. Placeat voluptas quis cumque. Nulla voluptas et magnam non tempora sint. Aliquam excepturi minima ea sed.\n\nAnimi'),
(47, 'Laboriosam pariatur accusantium saepe occaecati id error non.', 'maiores-delectus-id-qui-temporibus-distinctio-voluptate', '1984-06-04T01:06:10+0000', 'Possimus eos ratione assumenda odio neque. Ea vero alias doloribus dolorem. Aut doloremque veritatis sint quos. Porro aspernatur accusamus quo.\n\nVeritatis voluptas in accusamus rerum non. Deleniti dolores magnam rerum corporis ut suscipit. Odit earum quaerat mollitia similique adipisci ut corporis. Doloribus corrupti ut ipsam et sapiente.\n\nAt voluptas molestias repellat eos delectus incidunt. Voluptatum numquam odio nemo illo unde et tenetur ab. Ea sequi enim sit iste sed.\n\nMinima dolore esse mo'),
(48, 'Rerum beatae voluptatem delectus ratione quo.', 'dolorum-expedita-suscipit-consequatur-ducimus-placeat-dolorum-labore', '1988-10-02T10:05:17+0000', 'Libero inventore cum omnis nulla tenetur minima iusto. Ea harum dignissimos quisquam id. Atque ipsam sit itaque in et. Officia et ut praesentium dolorum neque ducimus.\n\nDicta qui ut id maiores laborum animi cumque. Laborum at accusamus numquam aut ullam. Voluptas porro saepe commodi voluptas. Eos omnis et ut voluptatem. Enim ea laborum in velit laboriosam.\n\nSint sed in est et dolores eum. Adipisci deleniti earum aliquid et id. Esse quisquam fuga sint adipisci pariatur.\n\nUt qui ut adipisci. Archi'),
(49, 'Eius vero quia deserunt consequatur.', 'temporibus-aut-nihil-ut-sed-ipsum-eum-et', '2005-11-15T14:10:55+0000', 'Doloribus officiis nobis eligendi asperiores itaque quaerat enim. Eligendi quasi sequi enim dolor. Laudantium ut architecto omnis voluptatem. Maiores at sint minus et quis eaque qui.\n\nNecessitatibus qui sunt qui autem ipsam et labore possimus. Ducimus minus nobis ea eaque soluta rerum dolore et. Blanditiis nihil voluptate voluptates vel cum.\n\nQuia eum suscipit impedit non sunt. Quo nostrum quaerat dolorem pariatur consequuntur voluptates. Rem eum in quos. Beatae tempora quis possimus voluptatem '),
(50, 'Deserunt culpa ipsum nulla.', 'non-et-hic-sunt-unde-sunt-error', '1992-07-05T20:17:56+0000', 'Enim iure corrupti repellat fugit odit. Culpa ipsam cupiditate aperiam voluptatem. Ut tempore earum in amet. Sit natus optio laudantium possimus harum possimus non.\n\nQuis ab accusantium illo fugit neque. Delectus a voluptas voluptas at porro et odio. Quidem necessitatibus aspernatur nostrum est sit deleniti. Magni numquam non cum.\n\nConsequatur possimus rem minus inventore quam debitis. Ea similique ducimus quas qui. Libero in sed est aut dignissimos eum tempora. Repudiandae quam et facere volupt');

-- --------------------------------------------------------

--
-- Structure de la table `posts`
--

CREATE TABLE `posts` (
  `id` int(11) NOT NULL,
  `title` varchar(100) NOT NULL,
  `text` varchar(500) NOT NULL
) ENGINE=InnoDB DEFAULT CHARSET=utf8mb4;

--
-- Déchargement des données de la table `posts`
--

INSERT INTO `posts` (`id`, `title`, `text`) VALUES
(1, 'Blog #1', 'Welcome to my first blog post'),
(2, 'Blog #2', 'Welcome to my second blog post');

-- --------------------------------------------------------

--
-- Structure de la table `post_category`
--

CREATE TABLE `post_category` (
  `id` int(11) NOT NULL,
  `post_id` int(11) DEFAULT NULL,
  `category_id` int(11) DEFAULT NULL
) ENGINE=InnoDB DEFAULT CHARSET=utf8mb4;

--
-- Déchargement des données de la table `post_category`
--

INSERT INTO `post_category` (`id`, `post_id`, `category_id`) VALUES
(1, 1, 30),
(2, 1, 46),
(3, 1, 11),
(4, 1, 35),
(5, 1, 32),
(6, 1, 23),
(7, 1, 4),
(8, 1, 27),
(9, 1, 10),
(10, 1, 36),
(11, 1, 28),
(12, 1, 8),
(13, 1, 45),
(14, 1, 14),
(15, 1, 48),
(16, 1, 6),
(17, 1, 5),
(18, 1, 26),
(19, 1, 37),
(20, 1, 12),
(21, 1, 9),
(22, 1, 40),
(23, 1, 41),
(24, 1, 38),
(25, 1, 34),
(26, 1, 33),
(27, 1, 25),
(28, 1, 3),
(29, 1, 16),
(30, 2, 5),
(31, 2, 21),
(32, 2, 22),
(33, 2, 8),
(34, 2, 7),
(35, 2, 41),
(36, 2, 24),
(37, 2, 45),
(38, 2, 13),
(39, 2, 34),
(40, 2, 10),
(41, 2, 36),
(42, 2, 47),
(43, 2, 44),
(44, 2, 26),
(45, 2, 29),
(46, 2, 9),
(47, 2, 16),
(48, 2, 46),
(49, 2, 14),
(50, 2, 31),
(51, 2, 12),
(52, 2, 43),
(53, 2, 23),
(54, 2, 49),
(55, 2, 3),
(56, 2, 18),
(57, 2, 17),
(58, 2, 33),
(59, 2, 6),
(60, 2, 4),
(61, 2, 50),
(62, 2, 35),
(63, 2, 30),
(64, 2, 42),
(65, 2, 20),
(66, 2, 2),
(67, 2, 1),
(68, 2, 11),
(69, 2, 39),
(70, 2, 19),
(71, 2, 48),
(72, 2, 40),
(73, 2, 27),
(74, 2, 38),
(75, 2, 32),
(76, 2, 15),
(77, 2, 37),
(78, 2, 28),
(79, 3, 20),
(80, 3, 8),
(81, 3, 4),
(82, 3, 2),
(83, 3, 16),
(84, 3, 41),
(85, 3, 25),
(86, 4, 1),
(87, 4, 49),
(88, 4, 8),
(89, 4, 25),
(90, 4, 3),
(91, 4, 43),
(92, 4, 44),
(93, 4, 4),
(94, 4, 10),
(95, 4, 15),
(96, 4, 34),
(97, 4, 40),
(98, 4, 39),
(99, 4, 2),
(100, 4, 19),
(101, 4, 41),
(102, 4, 20),
(103, 4, 37),
(104, 4, 11),
(105, 4, 22),
(106, 4, 9),
(107, 4, 24),
(108, 4, 45),
(109, 4, 14),
(110, 4, 50),
(111, 4, 7),
(112, 4, 29),
(113, 4, 46),
(114, 4, 27),
(115, 4, 31),
(116, 4, 47),
(117, 4, 38),
(118, 4, 23),
(119, 4, 33),
(120, 4, 36),
(121, 4, 21),
(122, 4, 16),
(123, 4, 30),
(124, 4, 28),
(125, 4, 48),
(126, 4, 35),
(127, 4, 18),
(128, 4, 17),
(129, 4, 26),
(130, 4, 5),
(131, 4, 42),
(132, 4, 6),
(133, 4, 13),
(134, 4, 12),
(135, 4, 32),
(136, 5, 22),
(137, 5, 24),
(138, 5, 19),
(139, 5, 13),
(140, 5, 39),
(141, 5, 41),
(142, 5, 23),
(143, 5, 28),
(144, 5, 8),
(145, 6, 19),
(146, 6, 40),
(147, 6, 26),
(148, 6, 7),
(149, 6, 34),
(150, 6, 14),
(151, 6, 49),
(152, 6, 12),
(153, 6, 4),
(154, 6, 35),
(155, 6, 27),
(156, 6, 3),
(157, 6, 10),
(158, 6, 28),
(159, 6, 36),
(160, 7, 27),
(161, 7, 43),
(162, 7, 36),
(163, 7, 18),
(164, 7, 42),
(165, 7, 4),
(166, 7, 48),
(167, 7, 26),
(168, 7, 6),
(169, 7, 11),
(170, 7, 47),
(171, 7, 16),
(172, 7, 49),
(173, 7, 12),
(174, 7, 32),
(175, 7, 37),
(176, 8, 2),
(177, 8, 31),
(178, 8, 4),
(179, 8, 45),
(180, 8, 10),
(181, 8, 20),
(182, 8, 15),
(183, 9, 40),
(184, 9, 21),
(185, 9, 33),
(186, 9, 41),
(187, 9, 43),
(188, 9, 30),
(189, 9, 19),
(190, 9, 36),
(191, 9, 32),
(192, 9, 45),
(193, 9, 14),
(194, 9, 24),
(195, 9, 38),
(196, 9, 31),
(197, 9, 25),
(198, 9, 42),
(199, 9, 28),
(200, 9, 39),
(201, 9, 7),
(202, 9, 9),
(203, 9, 5),
(204, 9, 50),
(205, 9, 27),
(206, 9, 17),
(207, 9, 20),
(208, 9, 8),
(209, 9, 4),
(210, 9, 48),
(211, 9, 47),
(212, 9, 15),
(213, 9, 3),
(214, 9, 10),
(215, 9, 46),
(216, 9, 6),
(217, 10, 28),
(218, 10, 4),
(219, 10, 26),
(220, 10, 42),
(221, 10, 44),
(222, 10, 6),
(223, 10, 13),
(224, 10, 7),
(225, 10, 35),
(226, 11, 28),
(227, 11, 39),
(228, 11, 5),
(229, 11, 7),
(230, 11, 4),
(231, 11, 9),
(232, 11, 26),
(233, 11, 3),
(234, 11, 19),
(235, 11, 27),
(236, 11, 17),
(237, 11, 37),
(238, 11, 24),
(239, 11, 13),
(240, 11, 29),
(241, 11, 10),
(242, 11, 25),
(243, 11, 46),
(244, 11, 50),
(245, 11, 2),
(246, 11, 21),
(247, 11, 34),
(248, 11, 49),
(249, 11, 15),
(250, 11, 45),
(251, 11, 11),
(252, 11, 44),
(253, 11, 36),
(254, 11, 22),
(255, 11, 6),
(256, 11, 48),
(257, 11, 12),
(258, 11, 14),
(259, 11, 35),
(260, 11, 47),
(261, 11, 30),
(262, 11, 18),
(263, 11, 42),
(264, 11, 43),
(265, 11, 1),
(266, 11, 32),
(267, 11, 31),
(268, 11, 23),
(269, 12, 22),
(270, 12, 2),
(271, 12, 48),
(272, 12, 28),
(273, 12, 3),
(274, 12, 24),
(275, 12, 45),
(276, 12, 12),
(277, 12, 16),
(278, 12, 21),
(279, 12, 11),
(280, 12, 38),
(281, 12, 30),
(282, 12, 17),
(283, 12, 1),
(284, 12, 9),
(285, 12, 44),
(286, 13, 28),
(287, 13, 2),
(288, 13, 46),
(289, 14, 15),
(290, 14, 2),
(291, 14, 49),
(292, 14, 44),
(293, 14, 37),
(294, 14, 21),
(295, 14, 7),
(296, 14, 17),
(297, 14, 11),
(298, 14, 1),
(299, 14, 18),
(300, 14, 14),
(301, 14, 35),
(302, 14, 16),
(303, 14, 47),
(304, 14, 40),
(305, 14, 13),
(306, 14, 10),
(307, 14, 3),
(308, 14, 26),
(309, 14, 4),
(310, 15, 32),
(311, 15, 43),
(312, 15, 27),
(313, 15, 35),
(314, 15, 41),
(315, 15, 45),
(316, 15, 23),
(317, 15, 11),
(318, 15, 47),
(319, 15, 17),
(320, 15, 7),
(321, 15, 42),
(322, 15, 36),
(323, 15, 31),
(324, 15, 37),
(325, 15, 14),
(326, 15, 10),
(327, 15, 8),
(328, 15, 34),
(329, 15, 46),
(330, 15, 25),
(331, 15, 9),
(332, 15, 29),
(333, 15, 19),
(334, 15, 15),
(335, 15, 4),
(336, 15, 49),
(337, 15, 3),
(338, 15, 38),
(339, 16, 49),
(340, 16, 6),
(341, 16, 26),
(342, 16, 13),
(343, 16, 35),
(344, 16, 1),
(345, 16, 39),
(346, 16, 9),
(347, 16, 38),
(348, 16, 7),
(349, 16, 10),
(350, 16, 21),
(351, 16, 17),
(352, 16, 45),
(353, 16, 44),
(354, 16, 2),
(355, 16, 25),
(356, 16, 33),
(357, 16, 50),
(358, 16, 24),
(359, 16, 16),
(360, 16, 41),
(361, 16, 22),
(362, 16, 18),
(363, 16, 20),
(364, 16, 27),
(365, 16, 23),
(366, 16, 4),
(367, 16, 46),
(368, 16, 30),
(369, 16, 48),
(370, 16, 14),
(371, 16, 3),
(372, 16, 28),
(373, 16, 29),
(374, 17, 39),
(375, 17, 1),
(376, 17, 22),
(377, 17, 21),
(378, 17, 13),
(379, 17, 45),
(380, 17, 50),
(381, 17, 27),
(382, 17, 2),
(383, 17, 26),
(384, 17, 18),
(385, 17, 48),
(386, 17, 40),
(387, 17, 11),
(388, 17, 30),
(389, 17, 20),
(390, 17, 49),
(391, 17, 16),
(392, 17, 28),
(393, 17, 44),
(394, 17, 14),
(395, 17, 41),
(396, 17, 17),
(397, 17, 10),
(398, 17, 43),
(399, 17, 6),
(400, 17, 31),
(401, 17, 23),
(402, 17, 8),
(403, 17, 4),
(404, 17, 29),
(405, 17, 12),
(406, 17, 19),
(407, 17, 5),
(408, 17, 42),
(409, 17, 32),
(410, 17, 24),
(411, 17, 3),
(412, 17, 36),
(413, 17, 37),
(414, 17, 34),
(415, 17, 47),
(416, 17, 35),
(417, 17, 15),
(418, 17, 38),
(419, 17, 25),
(420, 17, 33),
(421, 18, 22),
(422, 18, 45),
(423, 18, 44),
(424, 18, 24),
(425, 18, 17),
(426, 18, 49),
(427, 18, 50),
(428, 18, 23),
(429, 18, 40),
(430, 19, 45),
(431, 19, 43),
(432, 19, 36),
(433, 19, 7),
(434, 19, 21),
(435, 19, 39),
(436, 19, 6),
(437, 19, 47),
(438, 20, 23),
(439, 20, 11),
(440, 20, 2),
(441, 20, 43),
(442, 21, 35),
(443, 21, 39),
(444, 21, 28),
(445, 21, 6),
(446, 21, 31),
(447, 21, 1),
(448, 21, 45),
(449, 21, 24),
(450, 21, 16),
(451, 21, 14),
(452, 21, 42),
(453, 21, 47),
(454, 21, 12),
(455, 21, 18),
(456, 21, 32),
(457, 21, 37),
(458, 21, 27),
(459, 21, 22),
(460, 21, 20),
(461, 21, 8),
(462, 21, 11),
(463, 21, 10),
(464, 21, 7),
(465, 21, 36),
(466, 21, 40),
(467, 21, 29),
(468, 21, 26),
(469, 21, 2),
(470, 21, 46),
(471, 21, 13),
(472, 21, 17),
(473, 21, 19),
(474, 21, 25),
(475, 21, 5),
(476, 21, 23),
(477, 21, 44),
(478, 21, 4),
(479, 21, 41),
(480, 21, 43),
(481, 21, 48),
(482, 21, 38),
(483, 21, 15),
(484, 22, 8),
(485, 22, 21),
(486, 22, 40),
(487, 22, 4),
(488, 22, 37),
(489, 22, 14),
(490, 22, 49),
(491, 22, 10),
(492, 22, 45),
(493, 22, 5),
(494, 22, 38),
(495, 22, 39),
(496, 23, 1),
(497, 23, 17),
(498, 23, 47),
(499, 23, 18),
(500, 23, 12),
(501, 23, 45),
(502, 23, 35),
(503, 23, 3),
(504, 23, 50),
(505, 23, 11),
(506, 23, 4),
(507, 23, 13),
(508, 23, 2),
(509, 23, 25),
(510, 23, 20),
(511, 24, 39),
(512, 24, 13),
(513, 24, 21),
(514, 24, 49),
(515, 24, 32),
(516, 24, 2),
(517, 24, 18),
(518, 24, 8),
(519, 24, 27),
(520, 24, 19),
(521, 24, 24),
(522, 24, 44),
(523, 24, 12),
(524, 24, 48),
(525, 24, 15),
(526, 24, 41),
(527, 24, 6),
(528, 24, 38),
(529, 24, 17),
(530, 25, 33),
(531, 25, 42),
(532, 25, 35),
(533, 25, 27),
(534, 25, 43),
(535, 25, 11),
(536, 25, 50),
(537, 25, 9),
(538, 25, 10),
(539, 25, 47),
(540, 25, 46),
(541, 25, 22),
(542, 25, 23),
(543, 26, 4),
(544, 26, 31),
(545, 26, 5),
(546, 26, 36),
(547, 26, 30),
(548, 26, 44),
(549, 26, 18),
(550, 26, 20),
(551, 26, 3),
(552, 26, 38),
(553, 26, 50),
(554, 26, 22),
(555, 26, 7),
(556, 26, 26),
(557, 26, 41),
(558, 26, 32),
(559, 26, 33),
(560, 26, 27),
(561, 26, 42),
(562, 26, 46),
(563, 26, 19),
(564, 26, 12),
(565, 27, 14),
(566, 28, 17),
(567, 28, 4),
(568, 28, 32),
(569, 28, 47),
(570, 28, 39),
(571, 28, 28),
(572, 28, 7),
(573, 28, 45),
(574, 28, 41),
(575, 28, 21),
(576, 28, 8),
(577, 28, 11),
(578, 28, 46),
(579, 28, 2),
(580, 28, 3),
(581, 28, 43),
(582, 28, 13),
(583, 28, 15),
(584, 28, 33),
(585, 28, 49),
(586, 28, 6),
(587, 28, 38),
(588, 28, 1),
(589, 29, 16),
(590, 29, 28),
(591, 29, 15),
(592, 29, 29),
(593, 29, 38),
(594, 29, 35),
(595, 29, 3),
(596, 29, 32),
(597, 29, 7),
(598, 29, 45),
(599, 29, 49),
(600, 29, 19),
(601, 29, 33),
(602, 29, 20),
(603, 30, 38),
(604, 30, 21),
(605, 30, 4),
(606, 30, 37),
(607, 30, 5),
(608, 30, 49),
(609, 30, 10),
(610, 30, 28),
(611, 30, 31),
(612, 30, 6),
(613, 30, 40),
(614, 30, 13),
(615, 30, 14),
(616, 30, 45),
(617, 30, 11),
(618, 30, 48),
(619, 30, 47),
(620, 30, 26),
(621, 30, 2),
(622, 30, 12),
(623, 30, 33),
(624, 30, 36),
(625, 31, 11),
(626, 31, 47),
(627, 31, 2),
(628, 31, 21),
(629, 31, 43),
(630, 31, 5),
(631, 31, 12),
(632, 31, 14),
(633, 31, 45),
(634, 31, 34),
(635, 31, 7),
(636, 31, 22),
(637, 31, 36),
(638, 31, 10),
(639, 31, 32),
(640, 31, 46),
(641, 31, 20),
(642, 31, 33),
(643, 31, 3),
(644, 31, 40),
(645, 31, 1),
(646, 31, 49),
(647, 31, 23),
(648, 31, 35),
(649, 31, 6),
(650, 31, 41),
(651, 31, 24),
(652, 31, 30),
(653, 31, 28),
(654, 31, 39),
(655, 31, 4),
(656, 31, 31),
(657, 31, 48),
(658, 31, 9),
(659, 31, 13),
(660, 31, 44),
(661, 31, 16),
(662, 32, 26),
(663, 32, 23),
(664, 32, 5),
(665, 32, 18),
(666, 32, 34),
(667, 32, 4),
(668, 32, 16),
(669, 32, 44),
(670, 32, 27),
(671, 32, 17),
(672, 32, 21),
(673, 32, 33),
(674, 32, 6),
(675, 32, 1),
(676, 32, 41),
(677, 32, 36),
(678, 32, 30),
(679, 32, 13),
(680, 32, 7),
(681, 32, 12),
(682, 32, 35),
(683, 33, 8),
(684, 33, 17),
(685, 33, 19),
(686, 33, 47),
(687, 33, 14),
(688, 33, 46),
(689, 33, 48),
(690, 33, 36),
(691, 33, 20),
(692, 33, 21),
(693, 33, 41),
(694, 33, 42),
(695, 33, 1),
(696, 34, 22),
(697, 34, 47),
(698, 34, 16),
(699, 34, 38),
(700, 34, 49),
(701, 34, 19),
(702, 34, 42),
(703, 34, 35),
(704, 34, 21),
(705, 34, 8),
(706, 34, 37),
(707, 34, 7),
(708, 34, 45),
(709, 34, 40),
(710, 34, 26),
(711, 34, 32),
(712, 34, 9),
(713, 34, 20),
(714, 34, 29),
(715, 34, 3),
(716, 34, 15),
(717, 34, 25),
(718, 34, 11),
(719, 34, 46),
(720, 35, 9),
(721, 35, 47),
(722, 35, 5),
(723, 35, 4),
(724, 35, 41),
(725, 35, 44),
(726, 35, 22),
(727, 35, 2),
(728, 35, 50),
(729, 35, 15),
(730, 35, 20),
(731, 35, 31),
(732, 35, 1),
(733, 35, 46),
(734, 35, 17),
(735, 36, 21),
(736, 36, 17),
(737, 36, 13),
(738, 36, 47),
(739, 36, 7),
(740, 36, 38),
(741, 36, 29),
(742, 36, 5),
(743, 36, 30),
(744, 36, 39),
(745, 36, 18),
(746, 37, 7),
(747, 37, 43),
(748, 37, 2),
(749, 37, 49),
(750, 37, 15),
(751, 37, 40),
(752, 37, 20),
(753, 37, 46),
(754, 37, 11),
(755, 37, 44),
(756, 37, 32),
(757, 37, 24),
(758, 37, 37),
(759, 37, 10),
(760, 37, 21),
(761, 37, 42),
(762, 37, 19),
(763, 37, 9),
(764, 37, 12),
(765, 37, 41),
(766, 37, 5),
(767, 37, 18),
(768, 37, 48),
(769, 37, 23),
(770, 37, 28),
(771, 37, 29),
(772, 37, 8),
(773, 38, 50),
(774, 38, 13),
(775, 38, 20),
(776, 38, 46),
(777, 38, 43),
(778, 38, 17),
(779, 38, 30),
(780, 38, 39),
(781, 38, 1),
(782, 38, 41),
(783, 38, 18),
(784, 38, 15),
(785, 38, 14),
(786, 39, 2),
(787, 39, 27),
(788, 39, 48),
(789, 39, 14),
(790, 39, 33),
(791, 39, 23),
(792, 39, 15),
(793, 39, 25),
(794, 39, 1),
(795, 39, 31),
(796, 39, 3),
(797, 39, 46),
(798, 39, 50),
(799, 39, 24),
(800, 39, 40),
(801, 39, 5),
(802, 39, 47),
(803, 39, 19),
(804, 39, 28),
(805, 39, 20),
(806, 39, 11),
(807, 39, 36),
(808, 39, 32),
(809, 39, 21),
(810, 39, 13),
(811, 39, 29),
(812, 39, 38),
(813, 39, 39),
(814, 39, 35),
(815, 39, 8),
(816, 39, 49),
(817, 40, 19),
(818, 40, 49),
(819, 40, 38),
(820, 40, 28),
(821, 40, 44),
(822, 40, 10),
(823, 40, 32),
(824, 40, 11),
(825, 40, 46),
(826, 40, 43),
(827, 40, 24),
(828, 40, 41),
(829, 40, 7),
(830, 40, 25),
(831, 40, 12),
(832, 40, 18),
(833, 40, 37),
(834, 40, 30),
(835, 40, 35),
(836, 40, 33),
(837, 40, 31),
(838, 40, 29),
(839, 40, 42),
(840, 40, 21),
(841, 40, 20),
(842, 40, 15),
(843, 40, 4),
(844, 40, 9),
(845, 40, 50),
(846, 40, 14),
(847, 40, 22),
(848, 40, 6),
(849, 40, 26),
(850, 40, 27),
(851, 40, 17),
(852, 41, 22),
(853, 41, 32),
(854, 41, 46),
(855, 41, 8),
(856, 41, 40),
(857, 41, 31),
(858, 41, 13),
(859, 41, 5),
(860, 41, 28),
(861, 41, 14),
(862, 41, 48),
(863, 41, 44),
(864, 41, 43),
(865, 41, 23),
(866, 42, 16),
(867, 42, 30),
(868, 42, 22),
(869, 42, 15),
(870, 42, 10),
(871, 42, 29),
(872, 42, 13),
(873, 42, 47),
(874, 42, 36),
(875, 42, 41),
(876, 42, 9),
(877, 42, 50),
(878, 43, 42),
(879, 43, 41),
(880, 43, 45),
(881, 43, 30),
(882, 43, 50),
(883, 43, 33),
(884, 43, 12),
(885, 43, 34),
(886, 43, 2),
(887, 43, 14),
(888, 43, 32),
(889, 43, 38),
(890, 43, 21),
(891, 43, 48),
(892, 43, 15),
(893, 43, 11),
(894, 43, 40),
(895, 43, 7),
(896, 43, 43),
(897, 43, 35),
(898, 43, 18),
(899, 44, 24),
(900, 44, 3),
(901, 44, 36),
(902, 44, 7),
(903, 44, 13),
(904, 44, 29),
(905, 44, 40),
(906, 44, 46),
(907, 44, 49),
(908, 44, 21),
(909, 45, 44),
(910, 45, 1),
(911, 45, 34),
(912, 45, 9),
(913, 45, 19),
(914, 45, 8),
(915, 45, 25),
(916, 45, 40),
(917, 45, 16),
(918, 45, 49),
(919, 45, 7),
(920, 45, 28),
(921, 45, 50),
(922, 45, 47),
(923, 45, 17),
(924, 45, 26),
(925, 45, 33),
(926, 45, 38),
(927, 46, 46),
(928, 46, 50),
(929, 46, 25),
(930, 46, 4),
(931, 46, 16),
(932, 46, 17),
(933, 46, 21),
(934, 46, 10),
(935, 46, 15),
(936, 46, 18),
(937, 46, 28),
(938, 46, 11),
(939, 46, 14),
(940, 46, 40),
(941, 46, 27),
(942, 46, 26),
(943, 47, 47),
(944, 47, 20),
(945, 47, 38),
(946, 47, 32),
(947, 47, 36),
(948, 47, 29),
(949, 47, 26),
(950, 47, 2),
(951, 47, 24),
(952, 47, 22),
(953, 47, 12),
(954, 47, 39),
(955, 47, 14),
(956, 47, 27),
(957, 47, 3),
(958, 47, 44),
(959, 47, 31),
(960, 47, 16),
(961, 47, 10),
(962, 47, 19),
(963, 47, 42),
(964, 47, 9),
(965, 47, 21),
(966, 47, 33),
(967, 47, 7),
(968, 47, 49),
(969, 47, 4),
(970, 47, 30),
(971, 47, 40),
(972, 47, 11),
(973, 47, 48),
(974, 47, 15),
(975, 47, 34),
(976, 47, 41),
(977, 47, 25),
(978, 47, 43),
(979, 47, 18),
(980, 47, 45),
(981, 47, 1),
(982, 47, 37),
(983, 47, 35),
(984, 47, 5),
(985, 47, 17),
(986, 47, 50),
(987, 47, 28),
(988, 47, 23),
(989, 47, 6),
(990, 48, 2),
(991, 48, 27),
(992, 48, 50),
(993, 48, 7),
(994, 48, 19),
(995, 48, 32),
(996, 48, 25),
(997, 48, 13),
(998, 48, 24),
(999, 48, 48),
(1000, 48, 34),
(1001, 48, 28),
(1002, 48, 30),
(1003, 48, 3),
(1004, 48, 10),
(1005, 48, 33),
(1006, 48, 39),
(1007, 48, 16),
(1008, 48, 36),
(1009, 48, 41),
(1010, 48, 42),
(1011, 48, 6),
(1012, 48, 12),
(1013, 48, 37),
(1014, 48, 21),
(1015, 48, 35),
(1016, 48, 38),
(1017, 48, 17),
(1018, 48, 26),
(1019, 48, 20),
(1020, 48, 44),
(1021, 48, 23),
(1022, 48, 29),
(1023, 48, 11),
(1024, 48, 8),
(1025, 48, 46),
(1026, 48, 45),
(1027, 48, 9),
(1028, 48, 18),
(1029, 48, 15),
(1030, 48, 49),
(1031, 48, 14),
(1032, 48, 40),
(1033, 48, 43),
(1034, 48, 31),
(1035, 48, 5),
(1036, 48, 4),
(1037, 48, 47),
(1038, 49, 19),
(1039, 49, 39),
(1040, 49, 12),
(1041, 49, 25),
(1042, 49, 21),
(1043, 49, 40),
(1044, 49, 44),
(1045, 49, 7),
(1046, 49, 42),
(1047, 49, 16),
(1048, 49, 3),
(1049, 49, 18),
(1050, 49, 15),
(1051, 49, 1),
(1052, 49, 22),
(1053, 49, 13),
(1054, 49, 5),
(1055, 49, 50),
(1056, 50, 48),
(1057, 50, 49),
(1058, 50, 45),
(1059, 50, 13),
(1060, 50, 1),
(1061, 50, 24),
(1062, 50, 30),
(1063, 50, 11),
(1064, 50, 4),
(1065, 50, 33),
(1066, 50, 41),
(1067, 50, 12),
(1068, 50, 43),
(1069, 50, 18),
(1070, 50, 19),
(1071, 50, 17),
(1072, 50, 46),
(1073, 50, 5),
(1074, 50, 40),
(1075, 50, 32),
(1076, 50, 44),
(1077, 50, 36),
(1078, 50, 26),
(1079, 50, 34),
(1080, 50, 20),
(1081, 50, 3),
(1082, 50, 27);

-- --------------------------------------------------------

--
-- Structure de la table `user`
--

CREATE TABLE `user` (
  `id` int(11) NOT NULL,
  `username` varchar(100) DEFAULT NULL,
  `password` varchar(100) DEFAULT NULL
) ENGINE=InnoDB DEFAULT CHARSET=utf8mb4;

--
-- Déchargement des données de la table `user`
--

INSERT INTO `user` (`id`, `username`, `password`) VALUES
(1, 'admin', '$2y$10$PJjuR26iW2E1nLGcLzxYyOY9KaCs3Xqt4T3BtKov/KT74yWEn7acC');

-- --------------------------------------------------------

--
-- Structure de la table `users`
--

CREATE TABLE `users` (
  `id` int(10) UNSIGNED NOT NULL,
  `userEmailAddress` varchar(255) COLLATE utf8_unicode_ci NOT NULL,
  `userHashPsw` varchar(255) COLLATE utf8_unicode_ci NOT NULL
) ENGINE=InnoDB DEFAULT CHARSET=utf8 COLLATE=utf8_unicode_ci;

-- --------------------------------------------------------

--
-- Structure de la table `wines`
--

CREATE TABLE `wines` (
  `id` int(11) NOT NULL,
  `code` varchar(4) NOT NULL,
  `brand` varchar(20) NOT NULL,
  `model` varchar(30) NOT NULL,
  `alchoholpercent` int(11) DEFAULT NULL,
  `qtyAvailable` smallint(6) NOT NULL DEFAULT 0,
  `description` varchar(200) NOT NULL DEFAULT '0',
  `oldPrice` float NOT NULL,
  `price` float UNSIGNED NOT NULL,
  `photo` varchar(50) DEFAULT NULL,
  `active` tinyint(4) UNSIGNED NOT NULL DEFAULT 0,
  `winecolor` varchar(255) DEFAULT NULL,
  `rating` int(11) NOT NULL
) ENGINE=InnoDB DEFAULT CHARSET=utf8;

--
-- Déchargement des données de la table `wines`
--

INSERT INTO `wines` (`id`, `code`, `brand`, `model`, `alchoholpercent`, `qtyAvailable`, `description`, `oldPrice`, `price`, `photo`, `active`, `winecolor`, `rating`) VALUES
(1, 'A001', 'Notre Vin', 'Chateau-la-Fuite', 20, 6, '- Aimable 	Agréable à boire.\r\n- Aimable 	Agréable à boire.\r\n- Bourru 	Vin à peine tiré du tonneau qui doit être bu jeune.\r\n- Canaille 	Jeune, désaltérant et frais (primeur).\r\n', 350, 290, 'view/content/images/products/wine_1.png', 1, 'Rouge', 3),
(2, 'A002', 'Notre Vin', 'Sauvignion', 14, 0, '- Frais 	Jeune et léger qui donne en bouche une sensation de fraicheur.\r\n- Franc 	Qui n\'a pas de faux goûts, mais ceux de son raisin et de son terroir.\r\n- Friand 	Agréable, désaltérant (primeur).', 700, 550, 'view/content/images/products/wine_2.png', 1, 'Blanc', 4),
(3, 'A003', 'Notre Vin', 'St-Valentin', 13, 4, '- Léger 	Peu alcoolisé, discret.\r\n- Moelleux 	A la douceur velouté, qui se situe dans les vins blans entre le sec et le liquoreux.\r\n- Nerveux 	Ferme, qui fouette.', 500, 400, 'view/content/images/products/wine_3.png', 0, 'Rosé', 4),
(4, 'A004', 'Notre Vin', 'Morgan', 15, 2, '- Noble 	De supériorité durable et indiscutable.\r\n- Oncteux 	Blanc liquoreux, fluide.\r\n- Puissant 	Très corsé, musclé.\r\n- Racé 	Typique de son terroir.\r\n- Souple 	Qui glisse harmonieusement.', 800, 600, 'view/content/images/products/wine_4.png', 1, 'Rouge', 5);

--
-- Index pour les tables déchargées
--

--
-- Index pour la table `album`
--
ALTER TABLE `album`
  ADD PRIMARY KEY (`id`);

--
-- Index pour la table `category`
--
ALTER TABLE `category`
  ADD PRIMARY KEY (`id`);

--
-- Index pour la table `clients`
--
ALTER TABLE `clients`
  ADD PRIMARY KEY (`id`);

--
-- Index pour la table `post`
--
ALTER TABLE `post`
  ADD PRIMARY KEY (`id`);

--
-- Index pour la table `posts`
--
ALTER TABLE `posts`
  ADD PRIMARY KEY (`id`);

--
-- Index pour la table `post_category`
--
ALTER TABLE `post_category`
  ADD PRIMARY KEY (`id`);

--
-- Index pour la table `user`
--
ALTER TABLE `user`
  ADD PRIMARY KEY (`id`);

--
-- Index pour la table `users`
--
ALTER TABLE `users`
  ADD PRIMARY KEY (`id`),
  ADD UNIQUE KEY `userEmailAddress` (`userEmailAddress`);

--
-- Index pour la table `wines`
--
ALTER TABLE `wines`
  ADD PRIMARY KEY (`id`),
  ADD UNIQUE KEY `snow_code` (`code`);

--
-- AUTO_INCREMENT pour les tables déchargées
--

--
-- AUTO_INCREMENT pour la table `album`
--
ALTER TABLE `album`
  MODIFY `id` int(11) NOT NULL AUTO_INCREMENT, AUTO_INCREMENT=10;

--
-- AUTO_INCREMENT pour la table `category`
--
ALTER TABLE `category`
  MODIFY `id` int(11) NOT NULL AUTO_INCREMENT, AUTO_INCREMENT=51;

--
-- AUTO_INCREMENT pour la table `clients`
--
ALTER TABLE `clients`
  MODIFY `id` int(11) NOT NULL AUTO_INCREMENT, AUTO_INCREMENT=6;

--
-- AUTO_INCREMENT pour la table `post`
--
ALTER TABLE `post`
  MODIFY `id` int(11) NOT NULL AUTO_INCREMENT, AUTO_INCREMENT=51;

--
-- AUTO_INCREMENT pour la table `posts`
--
ALTER TABLE `posts`
  MODIFY `id` int(11) NOT NULL AUTO_INCREMENT, AUTO_INCREMENT=3;

--
-- AUTO_INCREMENT pour la table `post_category`
--
ALTER TABLE `post_category`
  MODIFY `id` int(11) NOT NULL AUTO_INCREMENT, AUTO_INCREMENT=1083;

--
-- AUTO_INCREMENT pour la table `user`
--
ALTER TABLE `user`
  MODIFY `id` int(11) NOT NULL AUTO_INCREMENT, AUTO_INCREMENT=2;

--
-- AUTO_INCREMENT pour la table `users`
--
ALTER TABLE `users`
  MODIFY `id` int(10) UNSIGNED NOT NULL AUTO_INCREMENT, AUTO_INCREMENT=4;

--
-- AUTO_INCREMENT pour la table `wines`
--
ALTER TABLE `wines`
  MODIFY `id` int(11) NOT NULL AUTO_INCREMENT, AUTO_INCREMENT=10;
COMMIT;

/*!40101 SET CHARACTER_SET_CLIENT=@OLD_CHARACTER_SET_CLIENT */;
/*!40101 SET CHARACTER_SET_RESULTS=@OLD_CHARACTER_SET_RESULTS */;
/*!40101 SET COLLATION_CONNECTION=@OLD_COLLATION_CONNECTION */;
